<?xml version="1.0" encoding="UTF-8"?>
<!DOCTYPE mapper PUBLIC "-//mybatis.org//DTD Mapper 3.0//EN" "http://mybatis.org/dtd/mybatis-3-mapper.dtd">
<mapper namespace="com.kitri.carpool.boardP.BoardPDao">

	<resultMap id="boardPResult" type="com.kitri.carpool.boardP.BoardP">
		<result column="num" property="num" />
		<result column="cate" property="cate" />
		<result column="w_date" property="w_date" />
		<result column="start_time" property="start_time" />
		<result column="start_posi" property="start_posi" />
		<result column="end_posi" property="end_posi" />
		<result column="start_x" property="start_x" />
		<result column="start_y" property="start_y" />
		<result column="end_x" property="end_x" />
		<result column="end_y" property="end_y" />
		<result column="price" property="price" />
		<result column="content" property="content" />
		<result column="title" property="title" />
		<result column="seat" property="seat" />
		<result column="maxSeat" property="maxSeat" />
		<result column="writer" property="writer" />
		<result column="driver" property="driver" />
		<result column="passenger1" property="passenger1" />
		<result column="passenger2" property="passenger2" />
		<result column="passenger3" property="passenger3" />
		<result column="profile" property="profile" />
	</resultMap>
	
	<insert id="insert" parameterType="com.kitri.carpool.boardP.BoardP">
		insert into c_boardP values(seq_c_boardd.nextval, #{cate}, sysdate, TO_DATE(#{start_time},'yyyy-mm-dd hh24:mi'), #{start_posi}, #{end_posi}, #{start_x}, #{start_y}, #{end_x}, #{end_y}, #{price}, #{content}, #{title}, #{seat}, #{maxSeat}, #{writer}, #{driver}, #{passenger1}, #{passenger2}, #{passenger3}, #{profile})
	</insert>
	<update id="update" parameterType="com.kitri.carpool.boardP.BoardP">
		update c_BoardP set cate=#{cate}, w_date=#{w_date}, start_time=TO_DATE(#{start_time},'yyyy-mm-dd hh24:mi'), start_posi=#{start_posi}, end_posi=#{end_posi}, start_x=#{start_x}, start_y=#{start_y}, end_x=#{end_x}, end_y=#{end_y}, price=#{price}, content=#{content}, title=#{title}, seat=#{seat},	maxSeat=#{maxSeat}, writer=#{writer}, driver=#{driver}, passenger1=#{passenger1}, passenger2=#{passenger2},	passenger3=#{passenger3}, profile=#{profile} where num=#{num}
	</update>
	<update id="updateDriver" parameterType="com.kitri.carpool.boardP.BoardP">
		update c_BoardP set driver=#{driver}, seat=#{seat} where num=#{num}
	</update>
	<delete id="delete" parameterType="int">
		delete c_BoardP where num=#{num}
	</delete>
	<select id="selectByNum" parameterType="int" resultMap="boardPResult">
		select * from c_BoardP where num=#{num}
	</select>
	<select id="selectByDriver" parameterType="String" resultMap="boardPResult">
		select * from c_BoardP where driver=#{driver} order by num desc
	</select>
	<select id="selectByPassenger" parameterType="String" resultMap="boardPResult">
		select * from c_BoardP where passenger1=#{passenger} or passenger2=#{passenger} or passenger3=#{passenger} order by num desc
	</select>
	<select id="selectAll" resultMap="boardPResult">
		select * from c_BoardP order by num desc
	</select>
	<select id="selectByStartEnd" parameterType="java.util.HashMap" resultMap="boardPResult">
		select * from c_BoardP where start_posi like '%'||#{0}||'%' AND end_posi like '%'||#{1}||'%' order by num desc 
	</select>
</mapper>