<?xml version="1.0" encoding="UTF-8"?>
<!DOCTYPE mapper PUBLIC "-//mybatis.org//DTD Mapper 3.0//EN" "http://mybatis.org/dtd/mybatis-3-mapper.dtd">
<mapper namespace="com.kitri.carpool.member.MemberDao">

	<resultMap id="memberResult" type="com.kitri.carpool.member.Member">
		<result column="id" property="id" />
		<result column="pw" property="pw" />
		<result column="name" property="name" />
		<result column="email" property="email" />
		<result column="tel" property="tel" />
		<result column="profile" property="profile" />
		<result column="type" property="type" />
		<result column="sex" property="sex" />
		<result column="isSmoke" property="isSmoke" />
		<result column="tmpkey" property="tmpkey" />
		<result column="isValidate" property="isValidate" />
	</resultMap>

	<insert id="insert" parameterType="com.kitri.carpool.member.Member">
		insert into c_member values(#{id}, #{pw}, #{name}, #{email}, #{tel}, #{profile}, #{type}, #{sex}, #{isSmoke},#{tmpkey},#{isValidate})
	</insert>
	<update id="update" parameterType="com.kitri.carpool.member.Member">
		update c_member set pw=#{pw}, name=#{name}, email=#{email}, tel=#{tel}, isSmoke=#{isSmoke} where id=#{id}
	</update>
	<delete id="delete" parameterType="String">
		delete c_member where id=#{id}
	</delete>
	<select id="selectById" parameterType="String" resultMap="memberResult">
		select * from c_member where id=#{id}
	</select>
	<select id="selectAll" resultMap="memberResult">
		select * from c_member
	</select>
	
	<update id="updateProfile" parameterType="com.kitri.carpool.member.Member">
		update c_member set profile=#{profile} where id=#{id}
	</update>
	
	<update id="updatePwd" parameterType="com.kitri.carpool.member.Member">
		update c_member set pw=#{pw} where id=#{id}
	</update>
	
	<update id="updateValidate" parameterType="com.kitri.carpool.member.Member">
		update c_member set isValidate =#{isValidate} where id=#{id}
	</update>
	
	<select id="checkId" parameterType="com.kitri.carpool.member.Member" resultType="int">
      select count(*) from c_member where id=#{id}
    </select>
</mapper>