<?xml version="1.0" encoding="UTF-8"?>
<beans:beans
   xmlns="http://www.springframework.org/schema/mvc"
   xmlns:xsi="http://www.w3.org/2001/XMLSchema-instance"
   xmlns:beans="http://www.springframework.org/schema/beans"
   xmlns:context="http://www.springframework.org/schema/context"
   xsi:schemaLocation="http://www.springframework.org/schema/mvc http://www.springframework.org/schema/mvc/spring-mvc.xsd
      http://www.springframework.org/schema/beans http://www.springframework.org/schema/beans/spring-beans.xsd
      http://www.springframework.org/schema/context http://www.springframework.org/schema/context/spring-context.xsd"
   xmlns:websocket="http://www.springframework.org/schema/websocket http://www.springframework.org/schema/websocket http://www.springframework.org/schema/websocket/spring-websocket.xsd">

   <!-- DispatcherServlet Context: defines this servlet's request-processing 
      infrastructure -->

   <!-- Enables the Spring MVC @Controller programming model -->
   <annotation-driven />

   <!-- Handles HTTP GET requests for /resources/** by efficiently serving 
      up static resources in the ${webappRoot}/resources directory -->
   <resources mapping="/resources/**" location="/resources/" />
   <resources mapping="/summernote/**" location="/WEB-INF/resources/summernote/" />

   <!-- Resolves views selected for rendering by @Controllers to .jsp resources in the /WEB-INF/views directory -->
<!--    <beans:bean -->
<!--    class="org.springframework.web.servlet.view.InternalResourceViewResolver"> -->
<!--    <beans:property name="prefix" value="/WEB-INF/views/" /> -->
<!--    <beans:property name="suffix" value=".jsp" /> -->
<!--    </beans:bean> -->

   <context:component-scan
      base-package="com.kitri.carpool" />

   <beans:bean id="dataSource"
      class="org.springframework.jdbc.datasource.DriverManagerDataSource">
      <beans:property name="driverClassName">
         <beans:value>oracle.jdbc.driver.OracleDriver</beans:value>
      </beans:property>
      <beans:property name="url">
         <beans:value>jdbc:oracle:thin:@localhost:1521:XE</beans:value>
      </beans:property>
      <beans:property name="username">
         <beans:value>hr</beans:value>
      </beans:property>
      <beans:property name="password">
         <beans:value>hr</beans:value>
      </beans:property>
   </beans:bean>

   <beans:bean id="transactionManager"
      class="org.springframework.jdbc.datasource.DataSourceTransactionManager">
      <beans:property name="dataSource" ref="dataSource" />
   </beans:bean>
   <beans:bean id="sqlSessionFactory"
      class="org.mybatis.spring.SqlSessionFactoryBean">
      <beans:property name="dataSource" ref="dataSource" />
      <beans:property name="typeAliasesPackage"
         value="mybatis" />
      <beans:property name="mapperLocations"
         value="classpath:/mappers/*.xml" />

   </beans:bean>
   <beans:bean id="sqlSession"
      class="org.mybatis.spring.SqlSessionTemplate">
      <beans:constructor-arg name="sqlSessionFactory"
         ref="sqlSessionFactory" />
   </beans:bean>

   <beans:bean id="multipartResolver"
      class="org.springframework.web.multipart.commons.CommonsMultipartResolver" />

   <!-- Tiles 뷰 리졸버 -->
   <beans:bean id="ViewResolver" class="org.springframework.web.servlet.view.UrlBasedViewResolver">
      <beans:property name="viewClass" value="org.springframework.web.servlet.view.tiles3.TilesView" />
   </beans:bean>
   <!-- Tiles 설정 파일 -->
   <beans:bean id="tilesConfigurer" class="org.springframework.web.servlet.view.tiles3.TilesConfigurer">
      <beans:property name="definitions">
         <beans:list>
            <beans:value>/WEB-INF/views/config/tiles-defs.xml</beans:value>
         </beans:list>
      </beans:property>
   </beans:bean>
<!--    <beans:bean id="jacksonMessageConverter" class="org.springframework.http.converter.json.MappingJacksonHttpMessageConverter"/> -->
</beans:beans>




